epoch,time,train/box_loss,train/pose_loss,train/kobj_loss,train/cls_loss,train/dfl_loss,metrics/precision(B),metrics/recall(B),metrics/mAP50(B),metrics/mAP50-95(B),metrics/precision(P),metrics/recall(P),metrics/mAP50(P),metrics/mAP50-95(P),val/box_loss,val/pose_loss,val/kobj_loss,val/cls_loss,val/dfl_loss,lr/pg0,lr/pg1,lr/pg2
1,10.2837,1.89142,2.55478,0.68064,1.76751,2.32711,0.98473,0.96429,0.993,0.25429,0.91179,0.89286,0.865,0.46158,2.33103,2.75843,0.86564,2.03379,4.14842,0.0006,0.0006,0.0946
2,13.6684,1.20551,1.75591,0.60521,1.00496,1.79629,0.56753,0.75,0.68303,0.16766,0.65147,0.85714,0.89522,0.51447,2.15042,1.61352,0.94935,6.58919,5.53946,0.00129142,0.00129142,0.0882914
3,16.7506,1.31571,1.66627,0.61421,0.96446,1.88952,0.15763,0.39286,0.12581,0.0277,0.35433,0.75,0.396,0.19133,3.28272,3.62311,0.52737,13.7795,10.5745,0.0019736,0.0019736,0.0819736
4,19.8511,1.07707,1.65747,0.58106,0.85222,1.70631,0.52381,0.39286,0.45687,0.14507,0.52381,0.39286,0.43791,0.20954,2.04275,2.92952,0.20079,28.929,8.54425,0.00264654,0.00264654,0.0756465
5,22.9291,1.10034,1.36916,0.57066,0.81953,1.72755,0.00458,0.07143,0.00055,8e-05,0.03672,0.57143,0.05264,0.00961,4.78185,7.9569,0.87824,91.7874,27.2191,0.00331024,0.00331024,0.0693102
6,26.0748,1.1513,1.45007,0.58956,0.85592,1.75059,0.14096,0.14286,0.06534,0.03397,0.10566,0.10714,0.04573,0.02028,3.15859,5.92238,0.51224,10.4825,18.7841,0.0039647,0.0039647,0.0629647
7,29.1791,1.02131,1.33059,0.48818,0.79288,1.63386,0,0,0,0,0.04,0.03571,0.00219,0.00022,0.00331,9.80386,0.80646,3.93469,0.00295,0.00460992,0.00460992,0.0566099
8,32.3667,0.99711,1.10439,0.44166,0.76881,1.5956,0,0,0,0,0.03529,0.42857,0.01569,0.00474,6.63912,11.0796,0.08795,312.589,43.8605,0.0052459,0.0052459,0.0502459
9,35.5686,0.98791,0.92651,0.41958,0.82614,1.62382,0.22638,0.35714,0.2719,0.0518,0.04215,0.64286,0.03572,0.01199,3.77714,6.63198,0.07801,6.71913,11.6779,0.00587264,0.00587264,0.0438726
10,38.7529,0.99652,1.20619,0.43264,0.82476,1.59356,0,0,0,0,0.04743,0.85714,0.07696,0.0261,5.12597,5.35821,0.32989,2.83175,14.2281,0.00649014,0.00649014,0.0374901
11,42.0208,0.91579,0.91267,0.39028,0.78126,1.55749,0.42799,0.89286,0.81256,0.32004,0.13622,0.53571,0.12821,0.04927,2.07846,6.12838,0.06756,6.77753,3.75078,0.0070984,0.0070984,0.0310984
12,45.3508,1.01101,0.97325,0.38036,0.82375,1.65027,0,0,0,0,0.10626,0.25,0.06905,0.02728,3.2761,3.41732,0.98962,8.32854,7.09812,0.00769742,0.00769742,0.0246974
13,48.4298,1.07305,1.02064,0.38015,0.79881,1.69256,0.00559,0.10714,0.00073,0.00014,0.28032,0.42857,0.21036,0.07984,4.26334,3.44067,0.39618,9.22033,6.88417,0.0082872,0.0082872,0.0182872
14,51.5566,1.12805,0.88604,0.34342,0.89739,1.73144,0,0,0,0,0.2812,0.32143,0.18436,0.07886,5.88365,3.17469,1.71582,12.7968,11.3474,0.00886774,0.00886774,0.0118677
15,54.7633,1.02826,0.96768,0.37551,0.85148,1.65071,0.0813,0.14286,0.02664,0.00461,0.47307,0.5773,0.37682,0.21742,4.8137,3.24528,1.18582,5.00989,9.8257,0.009076,0.009076,0.009076
16,57.8858,1.02602,0.70501,0.29216,0.90003,1.61463,0.18165,0.35714,0.10543,0.01394,0.27188,0.52026,0.24388,0.10572,3.61948,2.83518,0.15945,6.07918,5.45684,0.00901,0.00901,0.00901
17,60.9425,0.94872,0.81694,0.29495,0.77699,1.56091,0.399,0.78571,0.40816,0.19352,0.3035,0.89286,0.34819,0.1687,1.50728,2.40223,0.27685,6.11775,2.65187,0.008944,0.008944,0.008944
18,64.035,0.89211,0.65921,0.29448,0.77474,1.51547,0.45466,0.96429,0.90102,0.55937,0.4715,1,0.94365,0.44575,1.17967,1.92953,0.00647,4.23918,3.107,0.008878,0.008878,0.008878
19,67.1712,0.88099,0.72012,0.33144,0.74108,1.52374,0.48858,0.78571,0.75793,0.15962,0.59962,0.96429,0.97523,0.49474,2.84288,1.74992,0.00401,6.80148,4.60893,0.008812,0.008812,0.008812
20,70.4496,0.89135,0.73735,0.29921,0.72859,1.52226,0.2756,0.59796,0.33772,0.09276,0.24242,0.78571,0.34179,0.15915,2.73889,2.91917,0.45108,7.59842,4.66499,0.008746,0.008746,0.008746
21,73.606,0.89926,0.78791,0.28932,0.70823,1.53064,0.48724,0.85714,0.69997,0.3377,0.50537,0.89286,0.69535,0.45652,1.55816,1.40133,0.01777,4.76023,2.58609,0.00868,0.00868,0.00868
22,76.7193,0.96375,0.72782,0.28022,0.75646,1.59531,0.55134,0.89286,0.77767,0.45906,0.45247,0.73802,0.55246,0.29122,1.0554,2.55103,0.25912,3.3663,2.07037,0.008614,0.008614,0.008614
23,79.7273,0.8854,0.76816,0.28525,0.74051,1.54639,0.89575,0.96429,0.98849,0.83513,0.86119,0.88649,0.87532,0.42011,0.55591,2.11841,0.12341,1.42025,1.21116,0.008548,0.008548,0.008548
24,82.781,0.82331,0.59991,0.2486,0.66791,1.49246,0.74272,0.96429,0.9361,0.57522,0.75653,0.92857,0.92913,0.52979,1.00747,1.47456,0.07632,1.94176,1.7866,0.008482,0.008482,0.008482
25,85.8814,0.89454,0.71641,0.27614,0.71716,1.54526,0.65937,0.75,0.76429,0.44411,0.71216,0.92857,0.83686,0.59783,1.48916,1.06992,0.02641,2.28761,2.51952,0.008416,0.008416,0.008416
26,89.0515,0.82995,0.72255,0.2662,0.67162,1.4745,0.70358,0.96429,0.87459,0.41499,0.76501,0.93017,0.96251,0.75711,1.6517,0.74448,0.01302,2.62804,2.71518,0.00835,0.00835,0.00835
27,92.1431,0.8643,0.57829,0.27655,0.69388,1.48852,0.77352,0.64286,0.7698,0.48954,0.23229,0.60714,0.28508,0.15751,1.31682,4.82365,0.04848,1.99727,2.69892,0.008284,0.008284,0.008284
28,95.1665,0.82486,0.69048,0.26851,0.67864,1.48528,0.9705,0.96429,0.99397,0.75862,0.9705,0.96429,0.99397,0.76823,0.73674,0.80807,0.16342,1.07046,1.36155,0.008218,0.008218,0.008218
29,98.212,0.88605,0.70726,0.27073,0.70219,1.49991,0.89166,1,0.98711,0.70989,0.90023,0.96688,0.9896,0.82352,0.85386,0.69921,0.04482,0.95498,1.40645,0.008152,0.008152,0.008152
30,101.367,0.87681,0.73187,0.30625,0.72641,1.5259,0.93259,1,0.99259,0.79119,0.89868,0.96429,0.95267,0.75883,0.68567,0.84884,0.04932,0.81616,1.25364,0.008086,0.008086,0.008086
31,104.466,0.80032,0.60379,0.22831,0.6814,1.47416,0.81883,0.89286,0.92703,0.45753,0.81883,0.89286,0.94337,0.78495,1.46437,0.83997,0.34816,2.78187,2.18713,0.00802,0.00802,0.00802
32,107.55,0.80852,0.64354,0.28445,0.67306,1.46449,0.93642,0.92857,0.96113,0.67932,0.93118,1,0.99155,0.80114,0.80548,0.71932,0.16891,1.35736,1.42385,0.007954,0.007954,0.007954
33,110.644,0.80073,0.52101,0.28453,0.68487,1.45909,0.92487,0.96429,0.97592,0.75895,0.8857,0.92857,0.93602,0.81527,0.8208,0.78972,0.16194,1.14326,1.4963,0.007888,0.007888,0.007888
34,113.751,0.86063,0.58422,0.26764,0.68213,1.48969,0.75737,0.89188,0.86106,0.49104,0.81704,0.95708,0.9266,0.78238,1.24584,0.62301,0.08605,1.66415,2.12794,0.007822,0.007822,0.007822
35,116.864,0.82719,0.50992,0.24377,0.66642,1.5034,0.96336,0.93939,0.99067,0.82207,0.96336,0.93939,0.99067,0.77016,0.72195,0.92436,0.08523,1.04878,1.40661,0.007756,0.007756,0.007756
36,120.036,0.84165,0.60612,0.28644,0.64996,1.51425,0.70315,0.89286,0.86508,0.64604,0.70315,0.89286,0.86508,0.795,0.82069,0.49793,0.07934,1.98646,1.36907,0.00769,0.00769,0.00769
37,123.058,0.72504,0.51663,0.26301,0.59439,1.37539,0.93292,0.96429,0.98982,0.80092,0.93292,0.96429,0.98982,0.61036,0.76466,1.47107,0.40501,1.62881,1.57923,0.007624,0.007624,0.007624
38,126.211,0.8568,0.69751,0.29238,0.68234,1.47396,1,0.98983,0.995,0.81511,1,0.98983,0.995,0.89232,0.69898,0.5074,0.09186,0.96156,1.28098,0.007558,0.007558,0.007558
39,129.368,0.78309,0.67463,0.28707,0.61947,1.45612,0.91798,1,0.97447,0.7709,0.72621,0.78571,0.78765,0.3219,0.86051,2.81263,0.36851,1.32758,1.90934,0.007492,0.007492,0.007492
40,132.506,0.69587,0.54314,0.23581,0.57489,1.36847,0.70252,0.92857,0.85483,0.56668,0.58691,0.65993,0.58652,0.16716,1.00871,3.6888,0.21458,1.76424,2.01283,0.007426,0.007426,0.007426
41,135.538,0.73148,0.69273,0.30605,0.62412,1.41001,0.93391,0.96429,0.98627,0.75965,0.9642,1,0.995,0.49127,0.75509,1.76231,0.12326,1.25005,1.54324,0.00736,0.00736,0.00736
42,138.63,0.7874,0.55507,0.24405,0.66679,1.44772,0.92403,1,0.99017,0.74565,0.92403,1,0.99017,0.86592,0.74,0.5903,0.04182,1.1072,1.24263,0.007294,0.007294,0.007294
43,141.671,0.74906,0.71623,0.25674,0.66449,1.37695,0.98722,1,0.995,0.85486,0.98722,1,0.995,0.79735,0.5789,0.70306,0.08896,0.66693,1.01719,0.007228,0.007228,0.007228
44,144.801,0.78761,0.51626,0.2169,0.64185,1.4567,0.99771,1,0.995,0.8906,0.99771,1,0.995,0.77094,0.53097,0.6804,0.20078,0.57571,0.93415,0.007162,0.007162,0.007162
45,147.907,0.7584,0.58498,0.26802,0.5937,1.41174,0.99732,1,0.995,0.87383,0.99732,1,0.995,0.86425,0.56405,0.56361,0.21443,0.63323,0.96401,0.007096,0.007096,0.007096
46,151.059,0.74584,0.62222,0.27415,0.58166,1.3847,0.96539,0.99635,0.99155,0.7979,0.96539,0.99635,0.99155,0.86414,0.67906,0.55401,0.06207,0.84322,1.16368,0.00703,0.00703,0.00703
47,154.189,0.68827,0.5468,0.259,0.54452,1.33803,0.96514,0.98897,0.99397,0.8754,0.96514,0.98897,0.99397,0.87962,0.5847,0.58266,0.12803,0.97923,1.07828,0.006964,0.006964,0.006964
48,157.353,0.72014,0.54704,0.23485,0.57946,1.37525,0.95749,1,0.99259,0.85187,0.95749,1,0.99259,0.88816,0.68466,0.51954,0.11768,1.01247,1.16329,0.006898,0.006898,0.006898
49,160.398,0.70364,0.52726,0.25121,0.57771,1.37484,0.96355,1,0.995,0.83628,0.96355,1,0.995,0.86309,0.73203,0.52313,0.11574,1.06069,1.25995,0.006832,0.006832,0.006832
50,163.511,0.67004,0.49952,0.25585,0.59297,1.32476,0.9936,1,0.995,0.89491,0.9936,1,0.995,0.88452,0.51254,0.52787,0.06559,0.70486,0.9916,0.006766,0.006766,0.006766
51,166.567,0.69131,0.46544,0.24882,0.60876,1.33195,0.99294,1,0.995,0.88693,0.99294,1,0.995,0.64191,0.56511,1.22209,0.06006,0.62181,1.17565,0.0067,0.0067,0.0067
52,169.589,0.70836,0.40285,0.21245,0.601,1.36647,0.99387,1,0.995,0.8732,0.99387,1,0.995,0.89783,0.64491,0.50384,0.02475,0.69383,1.219,0.006634,0.006634,0.006634
53,172.684,0.71556,0.55465,0.2713,0.57707,1.36952,0.99162,1,0.995,0.81564,0.99162,1,0.995,0.88038,0.85582,0.50908,0.03885,0.84185,1.50152,0.006568,0.006568,0.006568
54,175.771,0.71136,0.4972,0.20512,0.60103,1.36059,0.99176,1,0.995,0.80655,0.99176,1,0.995,0.84039,0.82296,0.6228,0.12072,0.91067,1.39725,0.006502,0.006502,0.006502
55,178.835,0.73693,0.41601,0.21202,0.59049,1.40157,0.99211,1,0.995,0.78262,0.99211,1,0.995,0.82126,0.83041,0.6539,0.14939,1.02439,1.45169,0.006436,0.006436,0.006436
56,181.83,0.67255,0.56715,0.23939,0.57162,1.32143,0.99696,1,0.995,0.77896,0.99696,1,0.995,0.80053,0.84926,0.80038,0.17797,1.06895,1.7524,0.00637,0.00637,0.00637
57,184.93,0.70873,0.5065,0.23593,0.54949,1.33552,0.99595,1,0.995,0.87897,0.99595,1,0.995,0.81622,0.74954,0.8043,0.07075,1.03023,1.52049,0.006304,0.006304,0.006304
58,188,0.70103,0.48819,0.23526,0.6015,1.34199,0.96068,1,0.99397,0.86386,0.96068,1,0.99397,0.86277,0.60012,0.56098,0.01614,0.91995,1.02666,0.006238,0.006238,0.006238
59,191.046,0.70737,0.57938,0.26817,0.63733,1.39343,0.96867,1,0.995,0.90687,0.96867,1,0.995,0.88951,0.55517,0.4739,0.01904,0.57455,0.96501,0.006172,0.006172,0.006172
60,194.178,0.65496,0.50611,0.23571,0.54804,1.31869,0.9979,1,0.995,0.881,0.9979,1,0.995,0.89073,0.54027,0.4293,0.03367,0.54548,0.93099,0.006106,0.006106,0.006106
61,197.223,0.65168,0.43154,0.21693,0.55291,1.33877,0.99781,1,0.995,0.87784,0.99781,1,0.995,0.90433,0.60836,0.44185,0.04813,0.51443,1.04748,0.00604,0.00604,0.00604
62,200.367,0.68385,0.46455,0.25293,0.54086,1.36007,0.99384,1,0.995,0.78254,0.99384,1,0.995,0.91457,0.87862,0.44717,0.07473,0.75957,2.13276,0.005974,0.005974,0.005974
63,203.5,0.7177,0.45346,0.23303,0.58583,1.36482,0.99333,1,0.995,0.76178,0.99333,1,0.995,0.8692,0.87648,0.45416,0.08319,0.71705,2.01782,0.005908,0.005908,0.005908
64,206.573,0.69103,0.56992,0.23192,0.58215,1.34899,0.98733,1,0.995,0.76481,0.98733,1,0.995,0.83621,0.88403,0.52813,0.23456,0.8745,2.04999,0.005842,0.005842,0.005842
65,209.626,0.65309,0.49761,0.23424,0.52494,1.30054,0.9841,1,0.995,0.76976,0.9841,1,0.995,0.79374,0.85398,0.59705,0.32276,0.90256,1.88908,0.005776,0.005776,0.005776
66,212.683,0.63997,0.55458,0.23016,0.54673,1.31509,0.99645,1,0.995,0.74623,0.99645,1,0.995,0.78895,0.86357,0.68655,0.61773,0.99627,1.90457,0.00571,0.00571,0.00571
67,215.842,0.57894,0.3671,0.19375,0.50609,1.27415,0.99122,1,0.995,0.75866,0.99122,1,0.995,0.67496,0.88649,1.13277,0.54208,1.03319,1.96732,0.005644,0.005644,0.005644
68,218.98,0.63076,0.47323,0.21369,0.53127,1.31105,0.9946,1,0.995,0.80789,0.9946,1,0.995,0.73763,0.73701,0.80521,0.17172,0.93072,1.47346,0.005578,0.005578,0.005578
69,221.996,0.67416,0.49396,0.20778,0.55057,1.3233,0.99442,1,0.995,0.83289,0.88777,0.89286,0.81771,0.29284,0.66122,2.17308,0.23246,0.78617,1.35787,0.005512,0.005512,0.005512
70,225.041,0.66721,0.4104,0.20747,0.5281,1.32662,0.99423,1,0.995,0.85761,0.88742,0.89286,0.85291,0.23408,0.68585,2.50669,0.24913,0.98754,1.39773,0.005446,0.005446,0.005446
71,228.134,0.61392,0.4686,0.24457,0.50358,1.3087,0.99346,1,0.995,0.85574,0.99346,1,0.995,0.8293,0.77531,0.69468,0.14157,0.84498,1.48819,0.00538,0.00538,0.00538
72,231.186,0.69348,0.55137,0.21172,0.59317,1.37387,0.92306,1,0.98774,0.78241,0.8901,0.96429,0.9401,0.53523,1.02384,1.79618,0.17875,0.82967,1.94854,0.005314,0.005314,0.005314
73,234.3,0.59938,0.44908,0.20817,0.56768,1.28452,0.99454,1,0.995,0.84722,0.99454,1,0.995,0.65675,0.87169,1.18767,0.18868,0.78648,1.71382,0.005248,0.005248,0.005248
74,237.305,0.58798,0.45495,0.19931,0.52386,1.28752,0.99734,1,0.995,0.84537,0.99734,1,0.995,0.88764,0.61009,0.54694,0.22192,0.52888,1.09895,0.005182,0.005182,0.005182
75,240.301,0.61744,0.38632,0.19281,0.49759,1.26076,0.99009,1,0.995,0.86842,0.99009,1,0.995,0.85653,0.65098,0.56661,0.37161,0.79789,1.1337,0.005116,0.005116,0.005116
76,243.357,0.63777,0.46642,0.19712,0.52861,1.31876,0.99619,1,0.995,0.83432,0.99619,1,0.995,0.7333,0.73588,0.94298,0.94528,0.8382,1.41602,0.00505,0.00505,0.00505
77,246.392,0.63012,0.48779,0.24586,0.51942,1.33758,0.99811,1,0.995,0.84129,0.99811,1,0.995,0.73774,0.71215,0.82596,0.76708,0.7472,1.39608,0.004984,0.004984,0.004984
78,249.507,0.63061,0.46304,0.23029,0.51994,1.29526,0.9997,1,0.995,0.8807,0.9997,1,0.995,0.87752,0.62893,0.37782,0.0957,0.60142,1.13487,0.004918,0.004918,0.004918
79,252.503,0.58808,0.38452,0.20085,0.48139,1.28012,0.99834,1,0.995,0.89756,0.99834,1,0.995,0.87818,0.49847,0.37815,0.07168,0.45576,0.95175,0.004852,0.004852,0.004852
80,255.522,0.63516,0.43829,0.19675,0.52869,1.29977,0.99711,1,0.995,0.8998,0.99711,1,0.995,0.90331,0.46312,0.36657,0.04909,0.48016,0.94062,0.004786,0.004786,0.004786
81,258.566,0.64118,0.39859,0.23816,0.54651,1.34293,0.99603,1,0.995,0.88615,0.99603,1,0.995,0.90027,0.5018,0.36793,0.05541,0.67132,0.9891,0.00472,0.00472,0.00472
82,261.605,0.63103,0.52932,0.20957,0.52845,1.28912,0.99188,1,0.995,0.89479,0.99188,1,0.995,0.91458,0.51984,0.38651,0.10944,0.6838,0.99118,0.004654,0.004654,0.004654
83,264.667,0.58903,0.38425,0.22954,0.48741,1.25586,0.99768,1,0.995,0.90475,0.99768,1,0.995,0.94461,0.48008,0.34329,0.09242,0.46367,0.94427,0.004588,0.004588,0.004588
84,267.786,0.61773,0.44492,0.23194,0.53147,1.30977,0.99757,1,0.995,0.90876,0.99757,1,0.995,0.93949,0.44912,0.2947,0.04207,0.379,0.90101,0.004522,0.004522,0.004522
85,270.808,0.62963,0.44965,0.18797,0.54155,1.28974,0.99751,1,0.995,0.91746,0.99751,1,0.995,0.933,0.43808,0.29941,0.03727,0.3824,0.89789,0.004456,0.004456,0.004456
86,273.866,0.58315,0.30914,0.20629,0.48107,1.26869,0.9932,1,0.995,0.91761,0.9932,1,0.995,0.91142,0.50528,0.35673,0.03877,0.72346,0.95263,0.00439,0.00439,0.00439
87,276.995,0.62527,0.45848,0.19409,0.51383,1.31309,0.99252,1,0.995,0.89481,0.99252,1,0.995,0.90205,0.55325,0.4061,0.05522,0.75566,1.01994,0.004324,0.004324,0.004324
88,280.097,0.57552,0.46504,0.20591,0.47908,1.25896,0.98739,1,0.995,0.85497,0.98739,1,0.995,0.90988,0.57025,0.32952,0.0568,0.6809,0.99112,0.004258,0.004258,0.004258
89,283.096,0.58762,0.45387,0.2111,0.46895,1.25799,0.98567,1,0.995,0.83681,0.98567,1,0.995,0.93057,0.66457,0.31763,0.06242,0.85844,1.11733,0.004192,0.004192,0.004192
90,286.14,0.60579,0.46713,0.22496,0.47896,1.26324,0.95903,1,0.99397,0.90061,1,0.99139,0.995,0.91377,0.49987,0.34423,0.06306,0.54387,0.91724,0.004126,0.004126,0.004126
91,289.247,0.6009,0.37689,0.20524,0.493,1.29203,0.98728,0.96429,0.993,0.91838,1,0.99298,0.995,0.91553,0.44333,0.36526,0.05613,0.49449,0.86182,0.00406,0.00406,0.00406
92,292.386,0.60987,0.44907,0.20199,0.50147,1.28979,0.99713,1,0.995,0.91586,0.99713,1,0.995,0.92269,0.4246,0.3439,0.05606,0.46316,0.81971,0.003994,0.003994,0.003994
93,295.43,0.54803,0.39311,0.20073,0.45755,1.23921,0.99498,1,0.995,0.89243,0.99498,1,0.995,0.91703,0.48479,0.358,0.07264,0.59201,0.89419,0.003928,0.003928,0.003928
94,298.423,0.57395,0.45541,0.1921,0.45184,1.24444,0.99109,1,0.995,0.82909,0.99109,1,0.995,0.90888,0.64061,0.42543,0.12352,0.99421,1.1506,0.003862,0.003862,0.003862
95,301.476,0.56873,0.39006,0.19278,0.4785,1.2459,0.99726,1,0.995,0.87863,0.99726,1,0.995,0.86601,0.49,0.43103,0.13553,0.49944,0.91622,0.003796,0.003796,0.003796
96,304.572,0.60227,0.39378,0.20229,0.50644,1.29128,0.99761,1,0.995,0.90367,0.99761,1,0.995,0.8618,0.37116,0.40392,0.10694,0.47519,0.76707,0.00373,0.00373,0.00373
97,307.691,0.54879,0.50538,0.2052,0.45826,1.23849,0.98983,1,0.995,0.90541,0.98983,1,0.995,0.86859,0.35431,0.37132,0.09461,0.71032,0.74645,0.003664,0.003664,0.003664
98,310.761,0.53749,0.36837,0.19478,0.46221,1.22755,0.98942,1,0.995,0.90793,0.98942,1,0.995,0.9274,0.40992,0.35629,0.10956,0.7891,0.81602,0.003598,0.003598,0.003598
99,313.801,0.53141,0.41265,0.19342,0.46591,1.24567,0.99805,1,0.995,0.91201,0.99805,1,0.995,0.9274,0.40109,0.41152,0.12721,0.43534,0.8201,0.003532,0.003532,0.003532
100,316.9,0.55917,0.33598,0.1856,0.44652,1.24109,0.99712,1,0.995,0.90842,0.99712,1,0.995,0.90819,0.44764,0.40677,0.15025,0.48951,0.876,0.003466,0.003466,0.003466
101,319.973,0.5518,0.43773,0.19839,0.48538,1.26711,0.99259,1,0.995,0.91083,0.99259,1,0.995,0.91295,0.46598,0.37776,0.14497,0.4793,0.89909,0.0034,0.0034,0.0034
102,323.054,0.53728,0.38038,0.20983,0.48246,1.25592,0.98899,1,0.995,0.90304,0.98899,1,0.995,0.92606,0.46601,0.35553,0.09348,0.42134,0.89393,0.003334,0.003334,0.003334
103,326.102,0.55886,0.38993,0.19323,0.47848,1.25512,0.99782,1,0.995,0.90389,0.99782,1,0.995,0.83202,0.43126,0.51052,0.0685,0.38683,0.82638,0.003268,0.003268,0.003268
104,329.176,0.56394,0.46859,0.18947,0.48842,1.2721,0.99772,1,0.995,0.90642,0.99772,1,0.995,0.86305,0.43351,0.42818,0.06941,0.39824,0.82155,0.003202,0.003202,0.003202
105,332.378,0.53265,0.38191,0.19741,0.48114,1.22378,0.99735,1,0.995,0.90283,0.99735,1,0.995,0.89463,0.44646,0.35458,0.06975,0.4142,0.84365,0.003136,0.003136,0.003136
106,335.501,0.56949,0.34592,0.20119,0.46124,1.25541,0.96518,1,0.995,0.91371,0.96518,1,0.995,0.92406,0.46629,0.35137,0.08443,0.45886,0.87219,0.00307,0.00307,0.00307
107,338.613,0.53701,0.3322,0.18891,0.46891,1.22189,0.9968,1,0.995,0.92117,0.9968,1,0.995,0.92497,0.45564,0.38874,0.07126,0.40312,0.8512,0.003004,0.003004,0.003004
108,341.643,0.50973,0.49912,0.20763,0.45231,1.2208,0.99485,1,0.995,0.92675,0.99485,1,0.995,0.9003,0.4475,0.44698,0.07038,0.4914,0.84264,0.002938,0.002938,0.002938
109,344.7,0.53326,0.44911,0.20414,0.44865,1.24323,0.99481,1,0.995,0.931,0.99481,1,0.995,0.89828,0.44481,0.40282,0.0709,0.45674,0.83939,0.002872,0.002872,0.002872
110,347.847,0.52576,0.34283,0.17554,0.45769,1.22609,0.99609,1,0.995,0.94506,0.99609,1,0.995,0.89818,0.42326,0.33535,0.07045,0.40276,0.81988,0.002806,0.002806,0.002806
111,350.996,0.48956,0.41893,0.19306,0.42426,1.18298,0.9973,1,0.995,0.94944,0.9973,1,0.995,0.9102,0.40359,0.28353,0.05301,0.36582,0.79896,0.00274,0.00274,0.00274
112,354.089,0.49113,0.36694,0.18662,0.43275,1.18401,0.99803,1,0.995,0.96292,0.99803,1,0.995,0.9148,0.38418,0.2728,0.05336,0.3275,0.7826,0.002674,0.002674,0.002674
113,357.158,0.4608,0.345,0.21147,0.41062,1.14755,0.99809,1,0.995,0.97731,0.99809,1,0.995,0.92611,0.35794,0.27425,0.05513,0.31334,0.75692,0.002608,0.002608,0.002608
114,360.317,0.50814,0.31439,0.19509,0.42652,1.24661,0.99698,1,0.995,0.97225,0.99698,1,0.995,0.92195,0.34777,0.27725,0.05549,0.35719,0.75027,0.002542,0.002542,0.002542
115,363.443,0.50157,0.37986,0.17998,0.43284,1.21098,0.99747,1,0.995,0.98598,0.99747,1,0.995,0.92736,0.36888,0.28016,0.07507,0.39681,0.77311,0.002476,0.002476,0.002476
116,366.612,0.5351,0.41901,0.20659,0.45894,1.21262,0.99815,1,0.995,0.98318,0.99815,1,0.995,0.93107,0.36229,0.2745,0.13127,0.39839,0.76765,0.00241,0.00241,0.00241
117,369.722,0.49146,0.30787,0.16787,0.41043,1.17615,0.99814,1,0.995,0.95904,0.99814,1,0.995,0.9204,0.40939,0.28068,0.17316,0.45194,0.81866,0.002344,0.002344,0.002344
118,372.818,0.52727,0.36816,0.18565,0.45326,1.21539,0.99434,1,0.995,0.8899,0.99434,1,0.995,0.91387,0.49242,0.3444,0.26809,0.55209,0.94584,0.002278,0.002278,0.002278
119,375.966,0.52541,0.3816,0.18918,0.4573,1.25411,0.98399,1,0.995,0.93705,0.98399,1,0.995,0.93107,0.40399,0.2767,0.13506,0.42679,0.81853,0.002212,0.002212,0.002212
120,379.208,0.51083,0.42006,0.21161,0.43429,1.20244,0.98363,1,0.995,0.93806,0.98363,1,0.995,0.93095,0.39912,0.27283,0.11938,0.40707,0.81264,0.002146,0.002146,0.002146
121,382.388,0.45588,0.31041,0.1635,0.40336,1.16,0.99042,1,0.995,0.9274,0.99042,1,0.995,0.93833,0.38911,0.26671,0.10828,0.38711,0.80057,0.00208,0.00208,0.00208
122,385.533,0.48911,0.2767,0.17049,0.41992,1.18705,0.98313,1,0.995,0.92656,0.98313,1,0.995,0.94121,0.38136,0.26752,0.1209,0.38982,0.79736,0.002014,0.002014,0.002014
123,388.645,0.45478,0.37166,0.18491,0.4103,1.18361,0.99794,1,0.995,0.94728,0.99794,1,0.995,0.91184,0.34419,0.28903,0.09368,0.34176,0.75919,0.001948,0.001948,0.001948
124,391.791,0.46427,0.33548,0.18827,0.40779,1.17539,0.99725,1,0.995,0.91833,0.99725,1,0.995,0.91801,0.3923,0.33732,0.09092,0.3641,0.82222,0.001882,0.001882,0.001882
125,394.958,0.50583,0.36661,0.18126,0.41666,1.19992,0.99726,1,0.995,0.91314,0.99726,1,0.995,0.91801,0.40104,0.34775,0.09429,0.37038,0.8333,0.001816,0.001816,0.001816
126,398.167,0.49247,0.39199,0.18419,0.44799,1.20473,0.99791,1,0.995,0.90753,0.99791,1,0.995,0.9291,0.39699,0.32241,0.11222,0.36198,0.82642,0.00175,0.00175,0.00175
127,401.334,0.47354,0.40852,0.19144,0.43708,1.21285,0.99738,1,0.995,0.90965,0.99738,1,0.995,0.90708,0.39505,0.32684,0.18668,0.38132,0.81685,0.001684,0.001684,0.001684
128,404.419,0.49488,0.3906,0.18516,0.42846,1.20943,0.99437,1,0.995,0.90876,0.99437,1,0.995,0.92621,0.37512,0.27414,0.13905,0.38082,0.79427,0.001618,0.001618,0.001618
129,407.63,0.43432,0.30299,0.18652,0.3775,1.16431,0.99083,1,0.995,0.91398,0.99083,1,0.995,0.94303,0.36649,0.25972,0.10388,0.37767,0.78524,0.001552,0.001552,0.001552
130,410.872,0.4618,0.30428,0.1664,0.40696,1.18558,0.98891,1,0.995,0.93271,0.98891,1,0.995,0.94587,0.33981,0.26703,0.09125,0.369,0.75258,0.001486,0.001486,0.001486
131,414.072,0.46056,0.39734,0.18309,0.39799,1.17859,0.99424,1,0.995,0.95902,0.99424,1,0.995,0.93655,0.33239,0.28321,0.09291,0.35266,0.7377,0.00142,0.00142,0.00142
132,417.269,0.50444,0.35266,0.18407,0.43115,1.23957,0.9978,1,0.995,0.96246,0.9978,1,0.995,0.92487,0.37004,0.32773,0.09439,0.36513,0.76097,0.001354,0.001354,0.001354
133,420.426,0.5102,0.3803,0.1929,0.43173,1.23022,0.99781,1,0.995,0.963,0.99781,1,0.995,0.92724,0.38983,0.3391,0.08253,0.36644,0.77923,0.001288,0.001288,0.001288
134,423.619,0.50832,0.28276,0.19188,0.43978,1.18407,0.99784,1,0.995,0.95636,0.99784,1,0.995,0.92621,0.407,0.33942,0.06179,0.36227,0.80406,0.001222,0.001222,0.001222
135,426.76,0.48369,0.2938,0.1763,0.40631,1.18274,0.99809,1,0.995,0.95569,0.99809,1,0.995,0.92428,0.38515,0.34443,0.04985,0.35227,0.77827,0.001156,0.001156,0.001156
136,429.912,0.49044,0.3446,0.17088,0.42588,1.18891,0.99811,1,0.995,0.9834,0.99811,1,0.995,0.92115,0.33597,0.32331,0.04927,0.33291,0.72105,0.00109,0.00109,0.00109
137,433.078,0.4634,0.28342,0.18547,0.38631,1.19899,0.9981,1,0.995,0.98696,0.9981,1,0.995,0.92335,0.31422,0.31054,0.05181,0.31108,0.69613,0.001024,0.001024,0.001024
138,436.296,0.44437,0.27541,0.16581,0.37947,1.17065,0.99798,1,0.995,0.98696,0.99798,1,0.995,0.92842,0.30149,0.29374,0.06399,0.30374,0.68248,0.000958,0.000958,0.000958
139,439.494,0.4652,0.34003,0.15791,0.41615,1.1771,0.9981,1,0.995,0.98402,0.9981,1,0.995,0.92955,0.30599,0.28419,0.08103,0.31111,0.68464,0.000892,0.000892,0.000892
140,442.749,0.45967,0.28673,0.19011,0.39766,1.19053,0.99804,1,0.995,0.97528,0.99804,1,0.995,0.94026,0.32362,0.27629,0.10251,0.35509,0.70006,0.000826,0.000826,0.000826
141,492.869,0.18772,0.30995,0.19221,1.08869,1.03883,0.99808,1,0.995,0.97191,0.99808,1,0.995,0.94075,0.33826,0.27545,0.12154,0.36397,0.71561,0.00076,0.00076,0.00076
142,496.306,0.18275,0.31251,0.26573,0.70947,1.03863,0.99809,1,0.995,0.93198,0.99809,1,0.995,0.93936,0.37034,0.27791,0.14061,0.38425,0.75443,0.000694,0.000694,0.000694
143,499.459,0.16178,0.30777,0.17831,0.53531,0.99321,0.99815,1,0.995,0.92636,0.99815,1,0.995,0.93952,0.38586,0.28185,0.13041,0.40059,0.77187,0.000628,0.000628,0.000628
144,502.784,0.17904,0.30529,0.20313,0.31965,1.03471,0.99818,1,0.995,0.92855,0.99818,1,0.995,0.94305,0.39577,0.28846,0.10863,0.39926,0.7891,0.000562,0.000562,0.000562
145,505.91,0.17887,0.31023,0.19145,0.27648,1.03702,0.99818,1,0.995,0.93288,0.99818,1,0.995,0.94321,0.39327,0.2914,0.10004,0.40377,0.78444,0.000496,0.000496,0.000496
146,508.986,0.15607,0.32688,0.20614,0.20876,1.021,0.99818,1,0.995,0.95753,0.99818,1,0.995,0.92927,0.38112,0.29569,0.08074,0.39554,0.76494,0.00043,0.00043,0.00043
147,512.071,0.14312,0.32177,0.17428,0.1933,1.00361,0.9982,1,0.995,0.97352,0.9982,1,0.995,0.92198,0.36452,0.29922,0.06766,0.37558,0.74199,0.000364,0.000364,0.000364
148,515.197,0.16429,0.33813,0.1842,0.21258,0.99395,0.99817,1,0.995,0.9737,0.99817,1,0.995,0.91845,0.35239,0.3005,0.06305,0.3674,0.72611,0.000298,0.000298,0.000298
149,518.294,0.16495,0.27628,0.17868,0.20344,1.02666,0.99817,1,0.995,0.97698,0.99817,1,0.995,0.92112,0.34623,0.29493,0.06306,0.36147,0.71882,0.000232,0.000232,0.000232
150,521.32,0.13628,0.30066,0.17379,0.19042,1.01484,0.99817,1,0.995,0.97711,0.99817,1,0.995,0.93058,0.33918,0.28563,0.06416,0.36023,0.71211,0.000166,0.000166,0.000166
